URL,Status,UR,Previous traffic,Current traffic,Traffic change,Previous traffic value,Current traffic value,Traffic value change,Current referring domains,Previous # of keywords,Current # of keywords,Keywords change,Previous top keyword,Current top keyword,Previous top keyword: Country,Current top keyword: Country,Previous top keyword: Volume,Current top keyword: Volume,Previous top keyword: Position,Current top keyword: Position,Top keyword: Position change,Page type
https://www.reddit.com/r/EVbetting/comments/1iyc93m/what_are_peoples_experience_w_onyx/,,0,0,557,557,0.00,3741.78,3741.78,0,1,2,1,onyxodds,onyx sportsbook,United States,United States,5400,3200,10,3,,
https://www.reddit.com/r/EVbetting/comments/1fp48yg/what_is_the_best_analyticsinsights_tool_for/,,0,316,227,-89,867.10,648.55,-218.55,1,74,62,-12,sports betting tools,best sports betting analytics sites,United States,United States,700,80,4,1,,
https://www.reddit.com/r/EVbetting/comments/1l99pjx/what_ev_sites_are_you_all_using/,New,,,43,43,,614.20,614.20,,,1,1,,crazy ninja odds,,United States,,900,,7,,
https://www.reddit.com/r/EVbetting/comments/1iyco94/its_not_my_algo_but_juice_reel_app_recently/,,0,52,53,1,364.63,367.12,2.49,0,5,5,,juice reel,juice reel,United States,United States,800,700,6,5,1,
https://www.reddit.com/r/EVbetting/comments/1ksue5f/the_math_behind_draftkings_pick6_is_insane/,,0,0,96,96,,300.64,300.64,0,1,3,2,pick 6 odds,draftkings pick 6,United States,United States,30,2800,2,9,,
https://www.reddit.com/r/EVbetting/comments/1ijhtmt/novig/,,0,7,49,42,24.33,284.42,260.09,0,3,4,1,novig colorado,novig sportsbook,United States,United States,80,2700,7,13,,
https://www.reddit.com/r/PositiveEVbetting/comments/1ahzhk7/free_ev_betting_value_betting_software/,,0,148,135,-13,109.50,116.66,7.16,1,30,25,-5,free betting software,free betting software,United States,United States,150,150,1,1,0,
https://www.reddit.com/r/EVbetting/comments/1h4x8mo/oddsshopper_vs_oddsjam/,,0,12,53,41,10.74,113.70,102.95,0,6,5,-1,odds shopper,odds shopper,United States,United States,500,600,14,4,10,
https://www.reddit.com/r/PositiveEVbetting/comments/1f437nq/free_tennis_value_betting_strategy/,,0,321,221,-100,294.09,95.02,-199.07,0,43,26,-17,tennis betting strategy,tennis betting strategy,United States,United States,250,250,2,2,0,
https://www.reddit.com/r/EVbetting/comments/1pid223/looking_for_the_best_crypto_sportsbook_for/,,0,179,82,-97,163.06,70.39,-92.67,0,17,10,-7,best bitcoin sportsbook,best bitcoin bookmakers,Canada,United States,700,800,7,8,,
https://www.reddit.com/r/EVbetting/comments/1jqsm1k/best_sports_betting_research_apps/,,0,29,15,-14,61.63,66.26,4.63,0,47,30,-17,best bookies software,sportsbetting software,United States,United States,200,150,5,5,,
https://www.reddit.com/r/EVbetting/comments/1ocj1by/prop_professor_now_has_smart_money_tool/,,,7,104,97,3.82,59.38,55.56,,1,1,,prop professor,prop professor,United States,United States,1700,1700,3,6,-3,
https://www.reddit.com/r/EVbetting/comments/1jun5o0/anyone_used_optimal_bets_before/,,0,64,52,-12,47.04,58.81,11.76,0,8,9,1,optimal bet,optimal ev betting,United States,United States,700,40,4,1,,
https://www.reddit.com/r/EVbetting/,,13,12,18,6,29.81,45.56,15.75,2,5,4,-1,ev betting,ev betting,United States,United States,900,900,14,11,3,
https://www.reddit.com/r/EVbetting/comments/1q56reu/how_to_catch_arb_opportunities_on_time_picktheodds/,New,,,5,5,,35.84,35.84,,,1,1,,pick the odds,,United States,,2000,,20,,
https://www.reddit.com/r/EVbetting/comments/1ien9xn/earn_cash_back_on_every_dfssportsbook_deposit/,,0,0,4,4,1.97,33.10,31.13,0,2,3,1,edge boost,edge boost,United States,United States,900,800,30,17,13,
https://www.reddit.com/r/EVbetting/comments/1jxzjdw/oddsshopper_or_oddsjam/,,,0,14,14,0.00,29.80,29.80,,2,1,-1,odds shopper,odds shopper,United States,United States,500,600,74,10,64,
https://www.reddit.com/r/EVbetting/comments/1qutsfu/best_sports_betting_app_for_odds_value/,,,3,3,,28.71,28.71,,,2,2,,best sports odds app,best sports odds app,United States,United States,200,200,8,8,0,
https://www.reddit.com/r/EVbetting/comments/1m3cb7g/free_optimizer_for_prizepicks_etc/,,0,5,23,18,0.43,16.82,16.39,0,3,8,5,free prizepicks optimizer,prizepicks optimizer,United States,United States,90,150,7,7,,
https://www.reddit.com/r/EVbetting/comments/1kcb1ej/how_sharp_are_pinnacle_player_props/,,0,10,13,3,1.89,12.87,10.97,0,7,8,1,pinnacle player props,pinnacle player props,United States,United States,70,70,3,3,0,
https://www.reddit.com/r/EVbetting/comments/1it58vi/best_software_for_dfs_books/,,0,5,4,-1,14.59,12.56,-2.03,0,3,2,-1,best dfs apps,dfs apps,United States,United States,500,1300,2,7,,
https://www.reddit.com/r/EVbetting/comments/1pe2uhh/i_tracked_withdrawal_times_across_8_sportsbooks/,,0,0,2,2,0.43,11.75,11.32,0,1,3,2,how long does hard rock bet withdrawal take,hard rock bet withdrawal time,United States,United States,50,400,24,19,,
https://www.reddit.com/r/EVbetting/comments/1gepnwo/help_me_understand_calculation_of_evs/,,0,0,1,1,0.02,9.36,9.34,0,1,2,1,what does evs mean in betting,evs betting,United Kingdom,United Kingdom,250,90,40,10,,
https://www.reddit.com/r/EVbetting/comments/1hge1v9/comparing_popular_ev_betting_tools_in_2024_a/,,0,4,12,8,7.50,7.04,-0.46,1,11,7,-4,ev bets app,best bookies software,United States,United States,30,200,6,3,,
https://www.reddit.com/r/EVbetting/comments/1l2n6j8/oddsshopper_os_rating/,,0,0,4,4,0.00,6.25,6.25,0,2,4,2,oddshooper,odds shopper,United States,United States,20,600,7,17,,
https://www.reddit.com/r/EVbetting/comments/1rjapex/parlay_smarter_new_parlay_generator_is_a_game/,New,,,4,4,,6.09,6.09,,,1,1,,parlay generator,,United States,,100,,8,,
https://www.reddit.com/r/EVbetting/comments/1jqsm1k/best_sports_betting_research_apps/?tl=fr,,0,4,5,1,0.82,4.20,3.38,0,4,4,,meilleur appli paris sportif,meilleur appli paris sportif,United States,United States,50,50,7,7,0,
https://www.reddit.com/r/PositiveEVbetting/,,10,8,2,-6,18.29,3.52,-14.77,4,4,4,,ev betting,positive ev betting tool,Australia,United States,100,100,6,13,,
https://www.reddit.com/r/PositiveEVbetting/comments/1ahzhk7/free_ev_betting_value_betting_software/?tl=it,,0,35,35,,4.04,3.25,-0.79,0,4,3,-1,value bet software gratis,value bet software gratis,Italy,Italy,50,50,1,1,0,
https://www.reddit.com/r/EVbetting/comments/1e0fdqw/anyone_use_optimalbet_before/,,0,1,0,-1,1.74,2.18,0.44,0,5,5,,optimal bets,optimal sports betting,United States,United States,100,50,3,2,,
https://www.reddit.com/r/EVbetting/comments/1gfxb5w/optimal_bets_app_question/,,0,23,2,-21,1.74,2.18,0.44,0,8,6,-2,optimal bet,optimal ev betting,United States,United States,700,40,4,1,,
https://www.reddit.com/r/EVbetting/comments/1amfgw4/beware_of_oddsjam/,,0,7,6,-1,2.36,1.99,-0.37,1,30,35,5,oddsjam discord,oddsjam discord,United States,United States,20,20,3,6,-3,
https://www.reddit.com/r/PositiveEVbetting/comments/1kmjrdv/betting_brokers/,,0,2,0,-2,5.65,1.41,-4.25,0,3,2,-1,betting brokers,betting brokerage,United States,United States,50,60,5,3,,
https://www.reddit.com/r/EVbetting/comments/1rdo3uh/best_ev_tools/,New,,,5,5,,1.35,1.35,,,1,1,,ev tool,,United States,,40,,3,,
https://www.reddit.com/r/EVbetting/comments/1ggdvjq/what_books_are_covered_in_each_for_fantasy/,,,3,3,,1.32,1.32,,,1,1,,oddsjam fantasy optimizer,oddsjam fantasy optimizer,United States,United States,40,40,2,2,0,
https://www.reddit.com/r/EVbetting/comments/1ccvnnx/need_info_about_ev_betting/,,0,0,1,1,,1.12,1.12,0,2,7,5,positive ev betting software,positive ev betting tool,United States,United States,50,100,3,3,,
https://www.reddit.com/r/EVbetting/comments/1icjssf/live_odds_screen_recommendations/,,,1,1,,,1.07,1.07,,1,1,,odds screen,sportsbook screen,United States,United States,600,300,5,2,,
https://www.reddit.com/r/EVbetting/comments/1j6ncnu/is_gamescript_legit/,,,4,1,-3,3.81,0.93,-2.88,,2,2,,gamescript,game script,United States,United States,50,600,2,3,,
https://www.reddit.com/r/PositiveEVbetting/comments/1c3zqnx/userfriendly_positive_ev_betting_calculator/,,0,95,83,-12,,0.82,0.82,2,18,15,-3,ev calculator betting,ev calculator betting,United States,United States,300,250,5,5,0,
https://www.reddit.com/r/EVbetting/comments/1kr55gm/what_do_you_avoid_on_prizepicks/,New,,,0,,,0.81,0.81,,,1,1,,prizepicks picks,,United States,,200,,20,,
https://www.reddit.com/r/EVbetting/comments/1mgyr30/free_promo_code_for_oddsjam/,,,0,0,,0.00,0.73,0.73,,1,1,,oddsjam promo code,oddsjam promo code,United States,United States,200,150,49,22,27,
https://www.reddit.com/r/EVbetting/comments/1f8wi8h/what_are_your_favorite_strategies_tools_and/,,0,0,4,4,0.81,0.64,-0.17,0,4,9,5,free positive ev betting tool,postive ev bets,United States,United States,70,60,3,7,,
https://www.reddit.com/r/EVbetting/comments/1on5w6q/wouldnt_recommend_dgf_fantasy/,,,1,0,-1,,0.35,0.35,,1,1,,dgf fantasy,daily grind fantasy sports,United States,United States,10,10,4,4,,
https://www.reddit.com/r/EVbetting/comments/1fat9xr/ev_betting_1_year_progress/,,,181,0,-181,103.11,0.28,-102.83,,1,1,,prop professor,prop professor,United States,United States,1700,1700,3,30,-27,
https://www.reddit.com/r/PositiveEVbetting/comments/1lxcsou/tips_on_how_to_find_value_bets/,,0,4,4,,0.32,0.25,-0.08,0,4,3,-1,value betting tips,value betting tips,United States,United States,80,80,10,10,0,
https://www.reddit.com/r/PositiveEVbetting/comments/1mmosfx/free_arbitrage_betting_finder_services/,New,,,0,,,0.20,0.20,,,1,1,,arbitrage betting finder,,Sweden,,30,,5,,
https://www.reddit.com/r/EVbetting/comments/1nwg1lq/has_anyone_tried_the_new_sharp_money_tool/,,0,2,1,-1,0.42,0.20,-0.22,0,1,1,,sharp money,sharp money,United States,United States,450,250,4,4,0,
https://www.reddit.com/r/PositiveEVbetting/comments/1cuklln/oddsjam/,,0,2,1,-1,4.66,0.17,-4.49,0,3,5,2,oddsjam promo code,oddsjam coupon code,United States,United States,200,10,15,11,,
https://www.reddit.com/r/PositiveEVbetting/comments/1enik6p/best_livevalue_betting_services_in/,,0,0,0,,0.17,0.17,,0,1,1,,value betting software,value betting software,United Kingdom,United Kingdom,90,90,5,5,0,
https://www.reddit.com/r/PositiveEVbetting/comments/1dda79i/alex_monahans_ev_betting_results_realistic/,,0,16,13,-3,0.24,0.13,-0.11,0,3,3,,alex monahan net worth,alex monahan net worth,United States,United States,90,90,5,5,0,
https://www.reddit.com/r/PositiveEVbetting/comments/1dy5wo8/valuebetting_with_stake_and_surebet/,New,,,0,,,0.06,0.06,,,1,1,,surebet,,United States,,500,,14,,
https://www.reddit.com/r/PositiveEVbetting/comments/1otddnd/what_is_the_best_ev_tool_in_the_us/,New,,,4,4,,0.05,0.05,,,2,2,,ev betting tool,,United States,,70,,6,,
https://www.reddit.com/r/EVbetting/comments/1p768w0/looking_for_advice_on_using_dfs_tools/,New,,,0,,,0.00,0.00,,,1,1,,prop professor,,United States,,1700,,57,,
https://www.reddit.com/r/EVbetting/comments/1o9b5n1/pikkit_top_1/,,0,0,0,,,0.00,0.00,0,1,2,1,how does pikkit make money,pikkit,United States,Canada,0,300,1,5,,
https://www.reddit.com/r/EVbetting/comments/1k4q7uk/courtsiding_group_dm/,New,0,,0,,,0.00,0.00,0,,1,1,,courtsiding,,United Kingdom,,200,,69,,
https://www.reddit.com/r/EVbetting/comments/1fp48yg/what_is_the_best_analyticsinsights_tool_for/?tl=pt-br,New,,,0,,,0.00,0.00,,,1,1,,analises de apostas,,Brazil,,30,,9,,
https://www.reddit.com/r/EVbetting/comments/1isuvab/prophetx_and_oddsjam/,New,0,,0,,,0.00,0.00,0,,1,1,,prophetx,,United States,,2700,,17,,
https://www.reddit.com/r/PositiveEVbetting/comments/1owtlge/value_betting_software_vs_betinasia/,,,0,1,1,,0.00,0.00,,1,2,1,singbet sportsbook software,singbet sportsbook software,United States,United States,10,10,8,7,1,
https://www.reddit.com/r/EVbetting/comments/1pksukw/whats_your_goto_odds_tracker_site/,,,0,0,,0.00,0.00,0.00,,1,1,,oddstracker,oddstracker,Canada,Canada,20,20,8,7,1,
https://www.reddit.com/r/PositiveEVbetting/comments/1lhf02o/latest_oddsjam_review/,New,0,,0,,,0.00,0.00,0,,1,1,,oddsjam,,Canada,,1400,,90,,
https://www.reddit.com/r/PositiveEVbetting/comments/1ox76i4/oddsjam_tips_nba_player_props/,,0,0,0,,0.00,0.00,,0,2,1,-1,nba player prop betting tips,oddsjam props,Australia,United States,0,0,6,5,,
https://www.reddit.com/r/EVbetting/comments/1ox751s/oddsjam_tips_nba_player_props/,,0,0,0,,0.00,0.00,,0,2,3,1,oddsjam player props,oddsjam nba,United States,United States,0,0,4,8,,
https://www.reddit.com/r/EVbetting/comments/1iy52m2/novig_is_weird/,Lost,0,0,,,0.00,,0.00,0,1,,-1,novig,,United States,,8900,,47,,,
https://www.reddit.com/r/PositiveEVbetting/comments/1ft5gw4/can_someone_explain_what_exactly_he_was_betting/,Lost,0,0,,,,,,0,1,,-1,trademate,,Australia,,350,,77,,,
https://www.reddit.com/r/PositiveEVbetting/comments/1b90wjr/value_betting_on_tennis_ama/,Lost,0,1,,-1,,,,0,1,,-1,tennis value bets,,United Kingdom,,150,,3,,,
https://www.reddit.com/r/EVbetting/comments/1l1rmnq/how_to_calculate_pinnacle_vigfree_probability/,Lost,0,1,,-1,,,,0,1,,-1,devig calculator,,United States,,350,,20,,,
https://www.reddit.com/r/EVbetting/comments/1od024t/cloudbets_5k_offer_is_wrapping_up_soon/,Lost,0,0,,,,,,0,1,,-1,cloudbet promo code,,United States,,90,,4,,,
https://www.reddit.com/r/EVbetting/comments/1i200jk/live_inplay_ev_betting_my_results_after_one_year/,Lost,0,0,,,0.73,,-0.73,0,1,,-1,inplay live,,Canada,,40,,2,,,
https://www.reddit.com/r/EVbetting/comments/1orp2xu/ps3838_and_licenses/,Lost,0,0,,,0.00,,0.00,0,2,,-2,ps3838 sportsbook via bet broker open account,,Russian Federation,,10,,3,,,
https://www.reddit.com/r/EVbetting/comments/1f8hp4y/inplay_live_ev_scanner_for_crypto_books/,Lost,0,0,,,0.73,,-0.73,0,1,,-1,inplay live,,Canada,,40,,2,,,
https://www.reddit.com/r/EVbetting/comments/1q63yl4/looking_for_a_good_dfs_software/,Lost,0,0,,,,,,0,1,,-1,dfs software,,United States,,40,,9,,,
https://www.reddit.com/r/EVbetting/comments/1nr6vz5/onyxodds_100_bonus/,Lost,0,0,,,0.00,,0.00,0,1,,-1,onyxodds,,United States,,5400,,81,,,
https://www.reddit.com/r/PositiveEVbetting/comments/1lt5i26/experience_with_surebetcom/,Lost,0,0,,,,,,0,1,,-1,surebet finden,,United States,,10,,6,,,
https://www.reddit.com/r/EVbetting/comments/1pyctwh/whats_the_best_ev_tool/,Lost,0,5,,-5,1.35,,-1.35,0,1,,-1,ev tool,,United States,,40,,3,,,
https://www.reddit.com/r/EVbetting/comments/16djcn7/smartbettorai/,Lost,0,17,,-17,250.15,,-250.15,0,1,,-1,sports411 ag login page,,United States,,350,,7,,,
https://www.reddit.com/r/EVbetting/comments/1nrvu2g/for_ev_betting_what_sportsbook_do_you_use_as_your/,Lost,0,0,,,,,,0,1,,-1,evbetsin,,United States,,20,,5,,,
https://www.reddit.com/r/EVbetting/comments/1iffxl0/banned_from_fliff_heres_what_i_learned/,Lost,0,0,,,,,,0,1,,-1,reddit fliff,,United States,,0,,6,,,
https://www.reddit.com/r/EVbetting/comments/1od6br9/cloudbets_5000_welcome_bonus_a_golden_opportunity/,,0,5,0,-5,,,,0,1,1,,bono cloudbet,bono cloudbet,United States,Canada,100,10,7,6,1,
https://www.reddit.com/r/EVbetting/comments/1ok05sv/any_free_ev_tools/,,,0,0,,,,,,1,1,,free ev betting tool,free ev betting tool,United States,United States,80,80,3,2,1,
https://www.reddit.com/r/EVbetting/comments/1llx4u1/we_just_launched_our_new_version_of_odds_assist/,,,2,2,,,,,,2,2,,odds assist,odds assist,United States,United States,200,200,14,14,0,
https://www.reddit.com/r/EVbetting/comments/1pcfptf/fanduel_cbb_games_of_the_night/,New,,,24,24,,,,,,1,1,,fanduel cbb,,United States,,600,,8,,
https://www.reddit.com/r/EVbetting/comments/1pn6mn4/is_pinnacle_actually_the_sharpest_book_or_just/,New,0,,0,,,,,0,,1,1,,why is pinnacle the sharpest sportsbook,,United States,,0,,1,,
https://www.reddit.com/r/PositiveEVbetting/comments/1c4lj46/kelly_criterion_stake_calculator_that_is_easy_to/,,0,3,1,-2,3.26,,-3.26,0,3,3,,kelly criterion calculator,kelly criterion calculator excel,Canada,United States,250,20,17,7,,
https://www.reddit.com/r/EVbetting/comments/1gcv9hf/top_down_vs_bottom_up_betting/,,0,7,7,,,,,0,2,2,,top down betting,top down betting,United States,United States,100,100,7,7,0,
https://www.reddit.com/r/EVbetting/comments/1qi4i3u/are_parlay_boosts_actually_worth_it_or_just_bait/,New,0,,9,9,,,,0,,1,1,,parlay boost,,United States,,100,,4,,
https://www.reddit.com/r/EVbetting/comments/1meac8q/what_is_juice_and_why_it_might_be_killing_your/,New,0,,0,,,,,0,,1,1,,what is juice in betting,,United States,,70,,5,,
https://www.reddit.com/r/PositiveEVbetting/comments/1f50pmr/opinions_on_breakingbet_for_positive_ev/?tl=es-419,New,,,2,2,,,,,,1,1,,breaking bet,,Colombia,,30,,6,,
https://www.reddit.com/r/PositiveEVbetting/comments/1csn5k1/putting_pinnacle_odds_dropper_alert_to_test/,,0,19,10,-9,,,,0,1,2,1,pinnacle odds dropper,pinnacle odds dropper,Australia,Australia,80,80,2,4,-2,
https://www.reddit.com/r/EVbetting/comments/1jls662/fliff_and_onyx/,,0,1,1,,,,,0,1,1,,fliff sportsbook review,fliff sportsbook review,United States,United States,20,20,5,5,0,
https://www.reddit.com/r/EVbetting/comments/1o01c4a/does_anyone_know_a_website_that_tracks_line/,New,0,,0,,,,,0,,1,1,,prop tracker,,United States,,20,,9,,
https://www.reddit.com/r/EVbetting/comments/1mtq194/bet365_abroad/,New,,,0,,,,,,,1,1,,bet365 vpn reddit,,United States,,0,,8,,
https://www.reddit.com/r/EVbetting/comments/1r9djzs/what_ev_app_do_you_prefer/,New,,,3,3,,,,,,1,1,,optimal ev betting,,United States,,40,,2,,
https://www.reddit.com/r/EVbetting/comments/1kwqk6n/whats_a_good_market_width_or_hold_for_player_props/,,,1,1,,,,,,1,1,,market width sports betting,market width sports betting,United States,United States,10,10,4,4,0,
https://www.reddit.com/r/EVbetting/comments/1qgkoow/looking_for_a_betrecaps_alternative_or_backup/,,0,4,4,,,,,0,1,1,,betrecaps,betrecaps,United States,United States,80,80,2,2,0,
https://www.reddit.com/r/PositiveEVbetting/comments/1f50pmr/opinions_on_breakingbet_for_positive_ev/?tl=es-es,,,5,0,-5,,,,,1,1,,breaking bet,breakingbet,Spain,Spain,40,20,6,5,,
https://www.reddit.com/r/EVbetting/comments/1mj93cq/free_odds_screen/,New,,,3,3,,,,,,2,2,,odds screen,,United States,,600,,3,,
https://www.reddit.com/r/EVbetting/comments/1odi0vd/thoughts_on_winnerodds/,,,0,0,,,,,,1,1,,winnerodds,winnerodds,United States,United States,10,10,6,6,0,
https://www.reddit.com/r/PositiveEVbetting/comments/1nuc4rs/surebetcom_minimum_odds_for_selection/,,,3,5,2,,,,,1,1,,what does minimum odds of -200 mean,what does minimum odds of -200 mean,United States,United States,50,50,6,3,3,
https://www.reddit.com/r/EVbetting/comments/1fev5l0/what_is_the_best_devig_method/,,0,3,6,3,,,,0,3,3,,how to devig odds,how to devig odds,United States,United States,30,30,3,3,0,
https://www.reddit.com/r/EVbetting/comments/1elxmsv/what_are_the_musthave_features_for_a_value/,,,0,0,,0.01,,-0.01,,1,1,,bet software,value betting software,United States,Netherlands,350,10,45,3,,
https://www.reddit.com/r/PositiveEVbetting/comments/1f3f9t3/live_value_bet_finders_scanning_speed_test/,,0,0,0,,,,,0,1,1,,value bet finder,value bet finder,United States,United States,20,20,10,10,0,
https://www.reddit.com/r/PositiveEVbetting/comments/1fw1irx/value_bet_finder_searcher_tool/,,0,0,0,,0.08,,-0.08,0,2,2,,value bets finder,value bets finder,United Kingdom,United States,50,30,8,8,0,
https://www.reddit.com/r/EVbetting/comments/1hmmmn6/what_software_do_you_guys_use/,New,,,0,,,,,,,1,1,,best bookies software,,United States,,200,,25,,
https://www.reddit.com/r/EVbetting/comments/1ruclkk/pinnacle_odds_dropper_thinking_of_trying_this_out/,New,0,,2,2,,,,0,,1,1,,pinnacle odds dropper,,United States,,450,,2,,
https://www.reddit.com/r/PositiveEVbetting/comments/1gfle7w/is_playing_exclusively_on_bet_brokers_like/,,,0,0,,,,,,1,1,,asianconnect,asianconnect,Australia,Australia,20,20,7,6,1,
https://www.reddit.com/r/PositiveEVbetting/comments/15tma1d/value_vultures_betting_works/,,0,0,0,,,,,0,1,1,,value vultures,value vultures,United Kingdom,United Kingdom,0,0,3,3,0,
https://www.reddit.com/r/EVbetting/comments/1jvc5qk/got_unlimited_on_dabble_after_a_23u_night/,New,0,,1,1,,,,0,,1,1,,best dabble accounts to follow reddit,,Australia,,10,,3,,
https://www.reddit.com/r/EVbetting/comments/1pegpwe/whats_the_best_sports_betting_software_for_nba/,New,0,,9,9,,,,0,,2,2,,best app for nba betting,,United States,,150,,4,,
https://www.reddit.com/r/EVbetting/comments/1pnbak2/are_there_any_cryptoonly_sportsbooks_left_that/,,0,6,23,17,32.45,,-32.45,0,1,1,,crypto sportsbooks,best bitcoin sportsbooks,United States,United States,800,2200,10,10,,
https://www.reddit.com/r/PositiveEVbetting/comments/1es7d5n/implied_probability_to_american_odds/,,0,0,0,,,,,0,2,2,,convert probability to american odds,convert probability to american odds,United States,United States,50,50,5,4,1,
https://www.reddit.com/r/EVbetting/comments/1k73yrk/ev_betting_discord/,New,,,0,,,,,,,1,1,,bet365 discord,,Canada,,10,,3,,
https://www.reddit.com/r/PositiveEVbetting/comments/1ahzhk7/free_ev_betting_value_betting_software/?tl=fr,,,0,0,,,,,,1,1,,valuebet gratuit,valuebet gratuit,France,France,0,0,7,5,2,
https://www.reddit.com/r/PositiveEVbetting/comments/1c4lj46/kelly_criterion_stake_calculator_that_is_easy_to/?tl=pt-br,New,0,,1,1,,,,0,,1,1,,calculadora de kelly,,Brazil,,40,,8,,
https://www.reddit.com/r/EVbetting/comments/1j3gclu/im_beating_clv_by_80_but_still_losing_money/,New,,,0,,,,,,,1,1,,what is clv in betting,,United States,,200,,41,,
https://www.reddit.com/r/EVbetting/comments/1kf40av/free_ev_bot_and_prizepicks_algorithm/,,,0,0,,,,,,2,2,,prizepicks discord bot,prizepicks discord bot,United States,United States,0,0,5,3,2,
https://www.reddit.com/r/EVbetting/comments/1ovdzd4/thoughts_on_goldboys_betting_discord_group/,,0,48,80,32,,,,0,9,9,,goldboys discord,goldboys discord,United States,United States,200,200,2,1,1,
https://www.reddit.com/r/EVbetting/comments/1pmv21m/best_ev_tool/,New,,,0,,,,,,,1,1,,free ev betting tool,,United States,,80,,2,,
https://www.reddit.com/r/EVbetting/comments/1jqsm1k/best_sports_betting_research_apps/?tl=pt-br,New,,,4,4,,,,,,5,5,,melhores apps de apostas,,Russian Federation,,30,,8,,
https://www.reddit.com/r/PositiveEVbetting/comments/1j6mo47/differences_between_dropping_odds_alert_services/,,,0,0,,0.00,,0.00,,1,1,,oddsalert,oddsalert,United Kingdom,Italy,350,200,55,42,13,
https://www.reddit.com/r/PositiveEVbetting/comments/1f50pmr/opinions_on_breakingbet_for_positive_ev/,,0,2,3,1,,,,62,1,2,1,breaking bet,breaking bet,United States,United States,40,40,8,8,0,
https://www.reddit.com/r/EVbetting/comments/1k0mzsn/prophetx_ev_betting/,,0,0,1,1,0.00,,0.00,0,1,1,,prophetx,prophet x,United States,United States,2700,2400,85,13,,
https://www.reddit.com/r/EVbetting/comments/1iwk8t3/pick_the_odds_settings/,,,10,0,-10,64.01,,-64.01,,2,1,-1,pick the odds,picktheodds,United States,United States,1900,200,2,2,,
https://www.reddit.com/r/EVbetting/comments/1js9bhn/what_devig_method_do_you_use/,,0,0,0,,,,,0,2,1,-1,how to devig odds,how to devig odds,United States,United States,30,30,3,3,0,
